{
  "$schema": "https://schema.management.azure.com/schemas/2015-01-01/deploymentTemplate.json#",
  "contentVersion": "1.0.0.0",
  "parameters": {
    "location": {
      "type": "string"
    },
    "adAvailabilitySetName": {
      "type": "string"
    },
    "sqlAvailabilitySetName": {
      "type": "string"
    },
    "spAvailabilitySetName": {
      "type": "string"
    }
  },
  "resources": [
    {
      "type": "Microsoft.Compute/availabilitySets",
      "name": "[parameters('adAvailabilitySetName')]",
      "apiVersion": "2015-06-15",
      "location": "[parameters('location')]"
    },
    {
      "type": "Microsoft.Compute/availabilitySets",
      "name": "[parameters('spAvailabilitySetName')]",
      "apiVersion": "2015-06-15",
      "location": "[parameters('location')]"
    },
    {
      "type": "Microsoft.Compute/availabilitySets",
      "name": "[parameters('sqlAvailabilitySetName')]",
      "apiVersion": "2015-06-15",
      "location": "[parameters('location')]"
    }
  ],
  "outputs": {}
}
