{
  "handler": "Microsoft.Compute.MultiVm",
  "version": "0.0.1-preview",
  "parameters": {
    "basics": [
      {
        "name": "sharePointFarmName",
        "type": "Microsoft.Common.TextBox",
        "label": "SharePoint farm name",
        "defaultValue": "spfarm",
        "constraints": {
          "required": true,
          "regex": "^[a-z0-9A-Z]{1,10}$",
          "validationMessage": "Only letters and numbers are allowed, and the value must be 1-10 characters long."
        }
      }
    ],
    "steps": [
      {
        "name": "infrastructureConfig",
        "label": "Infrastructure settings",
        "subLabel": {
          "preValidation": "Configure the infrastructure settings",
          "postValidation": "Done"
        },
        "bladeTitle": "Infrastructure settings",
        "elements": [
          {
            "name": "adminUsername",
            "type": "Microsoft.Compute.UserNameTextBox",
            "label": "Username",
            "toolTip": "Admin username for the virtual machines and the Active Directory domain.",
            "osPlatform": "Windows"
          },
          {
            "name": "adminPassword",
            "type": "Microsoft.Compute.CredentialsCombo",
            "label": {
              "password": "Password",
              "confirmPassword": "Confirm password"
            },
            "toolTip": {
              "password": "Admin password for the virtual machines and the Active Directory domain."
            },
            "osPlatform": "Windows"
          },
          {
            "name": "storageAccount",
            "type": "Microsoft.Storage.StorageAccountSelector",
            "label": "Storage account",
            "defaultValue": {
              "type": "Premium_LRS"
            }
          }
        ]
      },
      {
        "name": "adConfig",
        "label": "Active Directory settings",
        "subLabel": {
          "preValidation": "Configure the domain controller",
          "postValidation": "Done"
        },
        "bladeTitle": "Active Directory settings",
        "elements": [
          {
            "name": "domainName",
            "type": "Microsoft.Common.TextBox",
            "label": "Forest root domain name",
            "toolTip": "Fully-qualified domain name of the Active directory domain.",
            "defaultValue": "contoso.com",
            "constraints": {
              "required": true,
              "regex": "^([a-z0-9]+(-[a-z0-9]+)*\\.)+[a-z]{2,}$",
              "validationMessage": "Must be a valid fully-qualified domain name."
            }
          },
          {
            "name": "adVmSize",
            "type": "Microsoft.Compute.SizeSelector",
            "label": "Virtual machine size",
            "toolTip": "The size of the virtual machine for the domain controller.",
            "recommendedSizes": [
              "Standard_DS2",
              "Standard_DS3",
              "Standard_DS4"
            ],
            "constraints": {
              "allowedSizes": [
                "Standard_D2",
                "Standard_DS2",
                "Standard_D3",
                "Standard_DS3",
                "Standard_D4",
                "Standard_DS4",
                "Standard_D11",
                "Standard_DS11",
                "Standard_D12",
                "Standard_DS12",
                "Standard_D13",
                "Standard_DS13",
                "Standard_D14",
                "Standard_DS14"
              ]
            },
            "osPlatform": "Windows",
            "imageReference": {
              "publisher": "MicrosoftWindowsServer",
              "offer": "WindowsServer",
              "sku": "2012-R2-Datacenter"
            },
            "count": 1
          }
        ]
      },
      {
        "name": "sqlConfig",
        "label": "SQL Server settings",
        "subLabel": {
          "preValidation": "Configure the SQL Server",
          "postValidation": "Done"
        },
        "bladeTitle": "SQL Server settings",
        "elements": [
          {
            "name": "sqlVmSize",
            "type": "Microsoft.Compute.SizeSelector",
            "label": "Virtual machine size",
            "toolTip": "The size of the virtual machine for the SQL Server.",
            "recommendedSizes": [
              "Standard_DS3",
              "Standard_DS4",
              "Standard_DS14"
            ],
            "constraints": {
              "allowedSizes": [
                "Standard_D3",
                "Standard_DS3",
                "Standard_D4",
                "Standard_DS4",
                "Standard_D11",
                "Standard_DS11",
                "Standard_D12",
                "Standard_DS12",
                "Standard_D13",
                "Standard_DS13",
                "Standard_D14",
                "Standard_DS14"
              ]
            },
            "osPlatform": "Windows",
            "imageReference": {
              "publisher": "MicrosoftSQLServer",
              "offer": "SQL2014-WS2012R2",
              "sku": "Enterprise"
            },
            "count": 1
          },
          {
            "name": "sqlServerServiceAccountUsername",
            "type": "Microsoft.Compute.UserNameTextBox",
            "label": "Service account username",
            "toolTip": "An account with this username will be used to run the following SQL Server services: MSSQLSERVER and SQLSERVERAGENT.",
            "defaultValue": "sqlservice",
            "osPlatform": "Windows"
          },
          {
            "name": "sqlServerServiceAccountPassword",
            "type": "Microsoft.Compute.CredentialsCombo",
            "label": {
              "password": "Service account password",
              "confirmPassword": "Confirm password"
            },
            "toolTip": "Password must be unique. Select a unique password for each user name.",
            "osPlatform": "Windows"
          }
        ]
      },
      {
        "name": "spConfig",
        "label": "SharePoint Server settings",
        "subLabel": {
          "preValidation": "Configure the SharePoint server",
          "postValidation": "Done"
        },
        "bladeTitle": "SharePoint Server settings",
        "elements": [
          {
            "name": "spDnsAndPublicIP",
            "type": "Microsoft.Network.PublicIpAddressCombo",
            "label": {
              "publicIpAddress": "Public IP address",
              "domainNameLabel": "DNS label"
            },
            "toolTip": {
              "domainNameLabel": "DNS label for the SharePoint Server's public IP address, which hosts the first site collection and the Central Administration site."
            },
            "defaultValue": {
              "publicIpAddressName": "ip01"
            },
            "options": {
              "hideNone": true
            }
          },
          {
            "name": "spVmSize",
            "type": "Microsoft.Compute.SizeSelector",
            "label": "Virtual machine size",
            "toolTip": "The size of the virtual machine for the SharePoint Server.",
            "recommendedSizes": [
              "Standard_DS3",
              "Standard_DS4",
              "Standard_DS14"
            ],
            "constraints": {
              "allowedSizes": [
                "Standard_D3",
                "Standard_DS3",
                "Standard_D4",
                "Standard_DS4",
                "Standard_D11",
                "Standard_DS11",
                "Standard_D12",
                "Standard_DS12",
                "Standard_D13",
                "Standard_DS13",
                "Standard_D14",
                "Standard_DS14"
              ]
            },
            "osPlatform": "Windows",
            "imageReference": {
              "publisher": "MicrosoftSharePoint",
              "offer": "MicrosoftSharePointServer",
              "sku": "2013"
            },
            "count": 1
          },
          {
            "name": "spSetupUserAccountUsername",
            "type": "Microsoft.Compute.UserNameTextBox",
            "label": "Setup user account username",
            "toolTip": "A domain account with this username will be created to run setup and SharePoint Products Configuration Wizard.",
            "defaultValue": "spsetup",
            "osPlatform": "Windows"
          },
          {
            "name": "spSetupUserAccountPassword",
            "type": "Microsoft.Compute.CredentialsCombo",
            "label": {
              "password": "Setup user account password",
              "confirmPassword": "Confirm password"
            },
            "toolTip": "Password must be unique. Select a unique password for each user name.",
            "osPlatform": "Windows"
          },
          {
            "name": "spServerFarmAccountUsername",
            "type": "Microsoft.Compute.UserNameTextBox",
            "label": "Server farm account username",
            "toolTip": "A domain account with this username will be created to perform the following tasks: configure and manage server farm, act as the application pool identity for the SharePoint Central Administration Web site and run the Microsoft SharePoint Foundation Workflow Timer Service.",
            "defaultValue": "sp_farm",
            "osPlatform": "Windows"
          },
          {
            "name": "spServerFarmAccountPassword",
            "type": "Microsoft.Compute.CredentialsCombo",
            "label": {
              "password": "Server farm account password",
              "confirmPassword": "Confirm password"
            },
            "toolTip": "Password must be unique. Select a unique password for each user name.",
            "osPlatform": "Windows"
          },
          {
            "name": "spServerFarmPassphrase",
            "type": "Microsoft.Compute.CredentialsCombo",
            "label": {
              "password": "Server farm passphrase",
              "confirmPassword": "Confirm passphrase"
            },
            "toolTip": {
              "password": "A secure password phrase that will be used to join other machines to this farm."
            },
            "osPlatform": "Windows"
          },
          {
            "name": "spSiteTemplateName",
            "type": "Microsoft.Common.DropDown",
            "label": "Content site template",
            "defaultValue": "Team Site",
            "constraints": {
              "allowedValues": [
                {
                  "label": "Team Site",
                  "value": "STS#0"
                },
                {
                  "label": "Blank Site",
                  "value": "STS#1"
                },
                {
                  "label": "Document Workspace",
                  "value": "STS#2"
                },
                {
                  "label": "Basic Meeting Workspace",
                  "value": "MPS#0"
                },
                {
                  "label": "Decision Meeting Workspace",
                  "value": "MPS#2"
                },
                {
                  "label": "Wiki Site",
                  "value": "WIKI#0"
                },
                {
                  "label": "Central Admin Site",
                  "value": "CENTRALADMIN#0"
                }
              ]
            }
          }
        ]
      }
    ],
    "outputs": {
      "location": "[location()]",
      "sharePointFarmName": "[basics('sharePointFarmName')]",
      "adminUsername": "[steps('infrastructureConfig').adminUsername]",
      "adminPassword": "[steps('infrastructureConfig').adminPassword.password]",
      "storageAccountNewOrExisting": "[steps('infrastructureConfig').storageAccount.newOrExisting]",
      "storageAccountName": "[steps('infrastructureConfig').storageAccount.name]",
      "storageAccountType": "[steps('infrastructureConfig').storageAccount.type]",
      "domainName": "[steps('adConfig').domainName]",
      "adVmSize": "[steps('adConfig').adVmSize]",
      "sqlVMSize": "[steps('sqlConfig').sqlVmSize]",
      "sqlServerServiceAccountUserName": "[steps('sqlConfig').sqlServerServiceAccountUsername]",
      "sqlServerServiceAccountPassword": "[steps('sqlConfig').sqlServerServiceAccountPassword.password]",
      "spDNSPrefix": "[steps('spConfig').spDnsAndPublicIP.domainNameLabel]",
      "sppublicIPAddressName": "[steps('spConfig').spDnsAndPublicIP.name]",
      "spPublicIPNewOrExisting": "[steps('spConfig').spDnsAndPublicIP.newOrExistingOrNone]",
      "spPublicIPRGName": "[steps('spConfig').spDnsAndPublicIP.resourceGroup]",
      "spVMSize": "[steps('spConfig').spVmSize]",
      "sharePointSetupUserAccountUserName": "[steps('spConfig').spSetupUserAccountUsername]",
      "sharePointSetupUserAccountPassword": "[steps('spConfig').spSetupUserAccountPassword.password]",
      "sharePointFarmAccountUserName": "[steps('spConfig').spServerFarmAccountUsername]",
      "sharePointFarmAccountPassword": "[steps('spConfig').spServerFarmAccountPassword.password]",
      "sharePointFarmPassphrasePassword": "[steps('spConfig').spServerFarmPassphrase.password]",
      "spSiteTemplateName": "[steps('spConfig').spSiteTemplateName]"
    }
  }
}
