{
  "$schema": "https://schema.management.azure.com/schemas/2015-01-01/deploymentTemplate.json#",
  "contentVersion": "1.0.0.0",
  "parameters": {
    "sharepointFarmName": {
      "type": "string",
      "metadata": {
        "description": "The name of the Sharepoint farm"
      },
      "defaultValue": "spfarm"
    },
    "location": {
      "type": "string",
      "metadata": {
        "description": "The region to deploy the resources into"
      }
    },
    "virtualNetworkName": {
      "type": "string",
      "metadata": {
        "description": "The name of the Virtual Network to Create"
      },
      "defaultValue": "spfarmVNET"
    },
    "virtualNetworkAddressRange": {
      "type": "string",
      "metadata": {
        "description": "The address range of the new VNET "
      },
      "defaultValue": "10.0.0.0/16"
    },
    "adSubnet": {
      "type": "string",
      "metadata": {
        "description": "The address range of the AD subnet created in the new VNET"
      },
      "defaultValue": "10.0.0.0/24"
    },
    "sqlSubnet": {
      "type": "string",
      "metadata": {
        "description": "The address range of the SQL subnet created in the new VNET"
      },
      "defaultValue": "10.0.1.0/24"
    },
    "spSubnet": {
      "type": "string",
      "metadata": {
        "description": "The address range of the SP subnet created in the new VNET"
      },
      "defaultValue": "10.0.2.0/24"
    },
    "adNicIPAddress": {
      "type": "string",
      "metadata": {
        "description": "The IP address of the new AD VM"
      },
      "defaultValue": "10.0.0.4"
    },
    "adminUsername": {
      "type": "string",
      "metadata": {
        "description": "The name of the Administrator of the new VM and Domain"
      }
    },
    "adminPassword": {
      "type": "securestring",
      "metadata": {
        "description": "The password forthe Administrator account of the new VM and Domain"
      }
    },
    "adVMSize": {
      "type": "string",
      "allowedValues": [
        "Standard_D1",
        "Standard_DS1",
        "Standard_D2",
        "Standard_DS2",
        "Standard_D3",
        "Standard_DS3",
        "Standard_D4",
        "Standard_DS4",
        "Standard_D11",
        "Standard_DS11",
        "Standard_D12",
        "Standard_DS12",
        "Standard_D13",
        "Standard_DS13",
        "Standard_D14",
        "Standard_DS14"
      ],
      "metadata": {
        "description": "The size of the AD VM Created"
      },
      "defaultValue": "Standard_DS2"
    },
    "sqlVMSize": {
      "type": "string",
      "allowedValues": [
        "Standard_D1",
        "Standard_DS1",
        "Standard_D2",
        "Standard_DS2",
        "Standard_D3",
        "Standard_DS3",
        "Standard_D4",
        "Standard_DS4",
        "Standard_D11",
        "Standard_DS11",
        "Standard_D12",
        "Standard_DS12",
        "Standard_D13",
        "Standard_DS13",
        "Standard_D14",
        "Standard_DS14"
      ],
      "metadata": {
        "description": "The size of the SQL VM Created"
      },
      "defaultValue": "Standard_DS2"
    },
    "spVMSize": {
      "type": "string",
      "allowedValues": [
        "Standard_D1",
        "Standard_DS1",
        "Standard_D2",
        "Standard_DS2",
        "Standard_D3",
        "Standard_DS3",
        "Standard_D4",
        "Standard_DS4",
        "Standard_D11",
        "Standard_DS11",
        "Standard_D12",
        "Standard_DS12",
        "Standard_D13",
        "Standard_DS13",
        "Standard_D14",
        "Standard_DS14"
      ],
      "metadata": {
        "description": "The size of the VM Created"
      },
      "defaultValue": "Standard_DS3"
    },
    "domainName": {
      "type": "string",
      "metadata": {
        "description": "The FQDN of the AD Domain created "
      },
      "defaultValue": "contoso.local"
    },
    "sqlServerServiceAccountUserName": {
      "type": "string",
      "metadata": {
        "description": "The SQL Server Service account name"
      },
      "defaultValue": "sqlservice"
    },
    "sqlServerServiceAccountPassword": {
      "type": "securestring",
      "metadata": {
        "description": "The SQL Server Service account password"
      }
    },
    "sharePointSetupUserAccountUserName": {
      "type": "string",
      "metadata": {
        "description": "The Sharepoint Setup account name"
      },
      "defaultValue": "sp_setup"
    },
    "sharePointSetupUserAccountPassword": {
      "type": "securestring",
      "metadata": {
        "description": "The Sharepoint Setup account password"
      }
    },
    "sharePointFarmAccountUserName": {
      "type": "string",
      "metadata": {
        "description": "The Sharepoint Farm account name"
      },
      "defaultValue": "sp_farm"
    },
    "sharePointFarmAccountPassword": {
      "type": "securestring",
      "metadata": {
        "description": "The Sharepoint Farm account password"
      }
    },
    "sharePointFarmPassphrasePassword": {
      "type": "securestring",
      "metadata": {
        "description": "The Sharepoint Farm Passphrase"
      }
    },
    "spSiteTemplateName": {
      "type": "string",
      "metadata": {
        "description": "The Sharepoint Content Site Template Name"
      },
      "defaultValue": "STS#0"
    },
    "spDNSPrefix": {
      "type": "string",
      "metadata": {
        "description": "The DNS Prefix for the SharePoint Public IP Address"
      }
    },
    "baseUrl": {
      "type": "string",
      "metadata": {
        "artifactsBaseUrl": "",
        "description": "URL to acquire other templates"
      },
      "defaultValue": "https://raw.githubusercontent.com/Azure/azure-quickstart-templates/master/sharepoint-three-vm"
    },
    "spPublicIPNewOrExisting": {
      "type": "string",
      "defaultValue": "new",
      "allowedValues": [
        "new",
        "existing"
      ],
      "metadata": {
        "description": "Indicates whether the Sharepoint farm's IP is new or existing"
      }
    },
    "spPublicIPRGName": {
      "type": "string",
      "defaultValue": "",
      "metadata": {
        "description": "Resource Group containing existing public IP for Sharepoint"
      }
    },
    "sppublicIPAddressName": {
      "type": "string",
      "metadata": {
        "description": "Name of existing public IP resource for Sharepoint"
      }
    },
    "storageAccountName": {
      "type": "string",
      "metadata": {
        "description": "Name of the new storage account created to store the VMs disks"
      }
    },
    "storageAccountType": {
      "type": "string",
      "allowedValues": [
        "Standard_LRS",
        "Standard_GRS",
        "Standard_RAGRS",
        "Premium_LRS"
      ],
      "metadata": {
        "description": "The type of the Storage Account created"
      },
      "defaultValue": "Premium_LRS"
    },
    "storageAccountNewOrExisting": {
      "type": "string",
      "defaultValue": "new",
      "allowedValues": [
        "new",
        "existing"
      ],
      "metadata": {
        "description": "Identifies whether to use new or existing Storage Account"
      }
    },
    "storageAccountExistingRG": {
      "type": "string",
      "defaultValue": "",
      "metadata": {
        "description": "Resource Group containing existing storage account"
      }
    }
  },
  "variables": {
    "configDatabaseName": "SP_Config",
    "administrationContentDatabaseName": "SP_AdminContent",
    "contentDatabaseName": "spARM_Content",
    "adVMName": "[concat(parameters('sharepointFarmName'),'-ad')]",
    "sqlVMName": "[concat(parameters('sharepointFarmName'),'-sql')]",
    "spVMName": "[concat(parameters('sharepointFarmName'),'-sp')]",
    "AssetLocation": "https://raw.githubusercontent.com/Azure/azure-quickstart-templates/master/sharepoint-three-vm/dsc",
    "LBFE": "LBFE",
    "LBBE": "LBBE",
    "RDPNAT": "RDP",
    "spWebNAT": "spWeb",
    "adSubnetName": "adSubnet",
    "sqlSubnetName": "sqlSubnet",
    "spSubnetName": "spSubnet",
    "adNicName": "adNic",
    "sqlNicName": "sqlNic",
    "spNicName": "spNic",
    "VnetID": "[resourceId('Microsoft.Network/virtualNetworks', parameters('virtualNetworkName'))]",
    "adSubnetRef": "[concat(variables('VnetID'),'/subnets/',variables('adSubnetName'))]",
    "sqlSubnetRef": "[concat(variables('VnetID'),'/subnets/',variables('sqlSubnetName'))]",
    "spSubnetRef": "[concat(variables('VnetID'),'/subnets/',variables('spSubnetName'))]",
    "adNicId": "[resourceId('Microsoft.Network/networkInterfaces',variables('adNicName'))]",
    "sqlNicId": "[resourceId('Microsoft.Network/networkInterfaces',variables('sqlNicName'))]",
    "spNicId": "[resourceId('Microsoft.Network/networkInterfaces',variables('spNicName'))]",
    "adLBName": "adLoadBalancer",
    "sqlLBName": "sqlLoadBalancer",
    "spLBName": "spLoadBalancer",
    "adIPConfigID": "[concat(variables('adNicId'),'/ipConfigurations/ipconfig1')]",
    "adlbID": "[resourceId('Microsoft.Network/loadBalancers',variables('adLBName'))]",
    "adlbFEConfigID": "[concat(variables('adlbID'),'/frontendIPConfigurations/',variables('LBFE'))]",
    "adRDPNATRuleID": "[concat(variables('adlbID'),'/inboundNatRules/',variables('RDPNAT'))]",
    "adBEAddressPoolID": "[concat(variables('adlbID'),'/backendAddressPools/',variables('LBBE'))]",
    "sqlIPConfigID": "[concat(variables('sqlNicId'),'/ipConfigurations/ipconfig1')]",
    "sqllbID": "[resourceId('Microsoft.Network/loadBalancers',variables('sqlLBName'))]",
    "sqllbFEConfigID": "[concat(variables('sqllbID'),'/frontendIPConfigurations/',variables('LBFE'))]",
    "sqlRDPNATRuleID": "[concat(variables('sqllbID'),'/inboundNatRules/',variables('RDPNAT'))]",
    "sqlBEAddressPoolID": "[concat(variables('sqllbID'),'/backendAddressPools/',variables('LBBE'))]",
    "spIPConfigID": "[concat(variables('spNicId'),'/ipConfigurations/ipconfig1')]",
    "adDataDisk": "ADDataDisk",
    "adDataDiskSize": 1000,
    "sqlDataDisk": "SQLDataDisk",
    "sqlDataDiskSize": 1000,
    "sqlLogDisk": "SQLLogDisk",
    "sqlLogDiskSize": 1000,
    "spDataDisk": "SPDataDisk",
    "spDataDiskSize": 1000,
    "adpublicIPAddressName": "adpublicIP",
    "sqlpublicIPAddressName": "sqlpublicIP",
    "spCentralAdminPort": 8080,
    "spAvailabilitySetName": "spAvailabiltySet",
    "sqlAvailabilitySetName": "sqlAvailabiltySet",
    "adAvailabilitySetName": "adAvailabiltySet",
    "publicIPAddressType": "Dynamic",
    "subnets": [
      {
        "name": "[variables('adSubnetName')]",
        "properties": {
          "addressPrefix": "[parameters('adSubnet')]"
        }
      },
      {
        "name": "[variables('sqlSubnetName')]",
        "properties": {
          "addressPrefix": "[parameters('sqlSubnet')]"
        }
      },
      {
        "name": "[variables('spSubnetName')]",
        "properties": {
          "addressPrefix": "[parameters('spSubnet')]"
        }
      }
    ],
    "adModulesURL": "[concat(variables('AssetLocation'),'/CreateADPDC.ps1.zip')]",
    "adConfigurationFunction": "CreateADPDC.ps1\\CreateADPDC",
    "sqlModulesURL": "[concat(variables('AssetLocation'),'/ConfigureSqlServer.ps1.zip')]",
    "sqlConfigurationFunction": "ConfigureSqlServer.ps1\\ConfigureSqlServer",
    "spModulesURL": "[concat(variables('AssetLocation'),'/ConfigureSharePointServer.ps1.zip')]",
    "spConfigurationFunction": "ConfigureSharePointServer.ps1\\ConfigureSharePointServer",
    "SettingUpSharepointIPUrl": "[concat(parameters('baseUrl'),'/publicip-',parameters('spPublicIPNewOrExisting'),'.json')]",
    "provisioningSharepointUrl": "[concat(parameters('baseUrl'),'/provisioningSharepoint.json')]",
    "storageAccountSetupURL": "[concat(parameters('baseUrl'),'/storageAccount-',parameters('storageAccountNewOrExisting'),'.json')]",
    "creatingPublicIPsUrl": "[concat(parameters('baseUrl'),'/creatingPublicIPs.json')]",
    "vnetwithDNSTemplateUrl": "[concat(parameters('baseUrl'),'/vnet-with-dns-server.json')]",
    "CreatingAvailabilitySetsUrl": "[concat(parameters('baseUrl'),'/availabilitySets.json')]",
    "vnetSetupURL": "[concat(parameters('baseUrl'),'/vnet-new.json')]",
    "setupLBsUrl": "[concat(parameters('baseUrl'),'/loadBalancers.json')]",
    "creatingNICSUrl": "[concat(parameters('baseUrl'),'/creatingNICS.json')]",
    "ProvisioningADDomainControllerUrl": "[concat(parameters('baseUrl'),'/provisioningDomainController.json')]",
    "ProvisioningSQLUrl": "[concat(parameters('baseUrl'),'/provisioningSQL.json')]"
  },
  "resources": [
    {
      "name": "SettingUpStorageAccount",
      "type": "Microsoft.Resources/deployments",
      "apiVersion": "2015-01-01",
      "properties": {
        "mode": "Incremental",
        "templateLink": {
          "uri": "[variables('storageAccountSetupURL')]",
          "contentVersion": "1.0.0.0"
        },
        "parameters": {
          "location": {
            "value": "[parameters('location')]"
          },
          "storageAccountType": {
            "value": "[parameters('storageAccountType')]"
          },
          "storageAccountName": {
            "value": "[parameters('storageAccountName')]"
          },
          "storageAccountExistingRG": {
            "value": "[parameters('storageAccountExistingRG')]"
          }
        }
      }
    },
    {
      "name": "SettingUpPublicIPs",
      "type": "Microsoft.Resources/deployments",
      "apiVersion": "2015-01-01",
      "properties": {
        "mode": "Incremental",
        "templateLink": {
          "uri": "[variables('creatingPublicIPsUrl')]",
          "contentVersion": "1.0.0.0"
        },
        "parameters": {
          "location": {
            "value": "[parameters('location')]"
          },
          "adpublicIPAddressName": {
            "value": "[variables('adpublicIPAddressName')]"
          },
          "sqlpublicIPAddressName": {
            "value": "[variables('sqlpublicIPAddressName')]"
          },
          "publicIPAddressType": {
            "value": "[variables('publicIPAddressType')]"
          }
        }
      }
    },
    {
      "name": "CreatingAvailabilitySets",
      "type": "Microsoft.Resources/deployments",
      "apiVersion": "2015-01-01",
      "properties": {
        "mode": "Incremental",
        "templateLink": {
          "uri": "[variables('CreatingAvailabilitySetsUrl')]",
          "contentVersion": "1.0.0.0"
        },
        "parameters": {
          "location": {
            "value": "[parameters('location')]"
          },
          "adAvailabilitySetName": {
            "value": "[variables('adAvailabilitySetName')]"
          },
          "sqlAvailabilitySetName": {
            "value": "[variables('sqlAvailabilitySetName')]"
          },
          "spAvailabilitySetName": {
            "value": "[variables('spAvailabilitySetName')]"
          }
        }
      }
    },
    {
      "name": "SettingUpVirtualNetwork",
      "type": "Microsoft.Resources/deployments",
      "apiVersion": "2015-01-01",
      "properties": {
        "mode": "Incremental",
        "templateLink": {
          "uri": "[variables('vnetSetupURL')]",
          "contentVersion": "1.0.0.0"
        },
        "parameters": {
          "location": {
            "value": "[parameters('location')]"
          },
          "virtualNetworkName": {
            "value": "[parameters('virtualNetworkName')]"
          },
          "virtualNetworkAddressRange": {
            "value": "[parameters('virtualNetworkAddressRange')]"
          },
          "subnets": {
            "value": "[variables('subnets')]"
          }
        }
      }
    },
    {
      "name": "SettingUpSharepointIP",
      "type": "Microsoft.Resources/deployments",
      "apiVersion": "2015-01-01",
      "properties": {
        "mode": "Incremental",
        "templateLink": {
          "uri": "[variables('SettingUpSharepointIPUrl')]",
          "contentVersion": "1.0.0.0"
        },
        "parameters": {
          "location": {
            "value": "[parameters('location')]"
          },
          "publicIpAddressName": {
            "value": "[parameters('sppublicIPAddressName')]"
          },
          "publicIPAddressType": {
            "value": "[variables('publicIPAddressType')]"
          },
          "dnsPrefix": {
            "value": "[parameters('spDNSPrefix')]"
          },
          "publicIpRGName": {
            "value": "[parameters('spPublicIPRGName')]"
          }
        }
      }
    },
    {
      "name": "SettingUpLoadBalancers",
      "type": "Microsoft.Resources/deployments",
      "apiVersion": "2015-01-01",
      "dependsOn": [
        "Microsoft.Resources/deployments/SettingUpSharepointIP",
        "Microsoft.Resources/deployments/SettingUpPublicIPs"
      ],
      "properties": {
        "mode": "Incremental",
        "templateLink": {
          "uri": "[variables('setupLBsUrl')]",
          "contentVersion": "1.0.0.0"
        },
        "parameters": {
          "location": {
            "value": "[parameters('location')]"
          },
          "spLBName": {
            "value": "[variables('splbName')]"
          },
          "sqllbName": {
            "value": "[variables('sqllbName')]"
          },
          "LBFE": {
            "value": "[variables('LBFE')]"
          },
          "LBBE": {
            "value": "[variables('LBBE')]"
          },
          "RDPNAT": {
            "value": "[variables('RDPNAT')]"
          },
          "spWebNAT": {
            "value": "[variables('spWebNAT')]"
          },
          "adlbName": {
            "value": "[variables('adlbName')]"
          },
          "spPublicIPResourceId": {
            "value": "[reference('SettingUpSharepointIP').outputs.publicIpId.value]"
          },
          "adPublicIpResourceId": {
            "value": "[reference('SettingUpPublicIPs').outputs.adPublicIpResourceId.value]"
          },
          "sqlPublicIpResourceId": {
            "value": "[reference('SettingUpPublicIPs').outputs.sqlPublicIpResourceId.value]"
          }
        }
      }
    },
    {
      "name": "CreatingNetworkInterfaces",
      "type": "Microsoft.Resources/deployments",
      "apiVersion": "2015-01-01",
      "dependsOn": [
        "Microsoft.Resources/deployments/SettingUpVirtualNetwork",
        "Microsoft.Resources/deployments/SettingUpLoadBalancers",
        "Microsoft.Resources/deployments/SettingUpVirtualNetwork"
      ],
      "properties": {
        "mode": "Incremental",
        "templateLink": {
          "uri": "[variables('creatingNICSUrl')]",
          "contentVersion": "1.0.0.0"
        },
        "parameters": {
          "location": {
            "value": "[parameters('location')]"
          },
          "adNicName": {
            "value": "[variables('adNicName')]"
          },
          "adNicIPAddress": {
            "value": "[parameters('adNicIPAddress')]"
          },
          "adSubnetRef": {
            "value": "[variables('adSubnetRef')]"
          },
          "adBEAddressPoolID": {
            "value": "[variables('adBEAddressPoolID')]"
          },
          "adRDPNATRuleID": {
            "value": "[variables('adRDPNATRuleID')]"
          },
          "sqlNicName": {
            "value": "[variables('sqlNicName')]"
          },
          "sqlSubnetRef": {
            "value": "[variables('sqlSubnetRef')]"
          },
          "sqlBEAddressPoolID": {
            "value": "[variables('sqlBEAddressPoolID')]"
          },
          "sqlRDPNATRuleID": {
            "value": "[variables('sqlRDPNATRuleID')]"
          },
          "spNicName": {
            "value": "[variables('spNicName')]"
          },
          "spSubnetRef": {
            "value": "[variables('spSubnetRef')]"
          },
          "splbResourceId": {
            "value": "[reference('SettingUpLoadBalancers').outputs.splbID.value]"
          },
          "LBBE": {
            "value": "[variables('LBBE')]"
          },
          "RDPNAT": {
            "value": "[variables('RDPNAT')]"
          },
          "spWebNAT": {
            "value": "[variables('spWebNAT')]"
          }
        }
      }
    },
    {
      "name": "ProvisioningADDomainController",
      "type": "Microsoft.Resources/deployments",
      "apiVersion": "2015-01-01",
      "dependsOn": [
        "Microsoft.Resources/deployments/SettingUpStorageAccount",
        "Microsoft.Resources/deployments/CreatingNetworkInterfaces",
        "Microsoft.Resources/deployments/CreatingAvailabilitySets",
        "Microsoft.Resources/deployments/SettingUpLoadBalancers"
      ],
      "properties": {
        "mode": "Incremental",
        "templateLink": {
          "uri": "[variables('ProvisioningADDomainControllerUrl')]",
          "contentVersion": "1.0.0.0"
        },
        "parameters": {
          "location": {
            "value": "[parameters('location')]"
          },
          "adVMName": {
            "value": "[variables('adVMName')]"
          },
          "adVMSize": {
            "value": "[parameters('adVMSize')]"
          },
          "adAvailabilitySetName": {
            "value": "[variables('adAvailabilitySetName')]"
          },
          "adminUsername": {
            "value": "[parameters('adminUsername')]"
          },
          "adminPassword": {
            "value": "[parameters('adminPassword')]"
          },
          "storageAccountName": {
            "value": "[parameters('storageAccountName')]"
          },
          "adDataDisk": {
            "value": "[variables('adDataDisk')]"
          },
          "adNicName": {
            "value": "[variables('adNicName')]"
          },
          "adModulesURL": {
            "value": "[variables('adModulesURL')]"
          },
          "adConfigurationFunction": {
            "value": "[variables('adConfigurationFunction')]"
          },
          "domainName": {
            "value": "[parameters('domainName')]"
          }
        }
      }
    },
    {
      "name": "UpdatingDNStoPrimaryADVM",
      "type": "Microsoft.Resources/deployments",
      "apiVersion": "2015-01-01",
      "dependsOn": [
        "Microsoft.Resources/deployments/ProvisioningADDomainController"
      ],
      "properties": {
        "mode": "Incremental",
        "templateLink": {
          "uri": "[variables('vnetwithDNSTemplateUrl')]",
          "contentVersion": "1.0.0.0"
        },
        "parameters": {
          "location": {
            "value": "[parameters('location')]"
          },
          "virtualNetworkName": {
            "value": "[parameters('virtualNetworkName')]"
          },
          "virtualNetworkAddressRange": {
            "value": "[parameters('virtualNetworkAddressRange')]"
          },
          "subnets": {
            "value": "[variables('subnets')]"
          },
          "DNSServerAddress": {
            "value": [
              "[parameters('adNicIPAddress')]"
            ]
          }
        }
      }
    },
    {
      "name": "ProvisioningSQLServer",
      "type": "Microsoft.Resources/deployments",
      "apiVersion": "2015-01-01",
      "dependsOn": [
        "Microsoft.Resources/deployments/UpdatingDNStoPrimaryADVM"
      ],
      "properties": {
        "mode": "Incremental",
        "templateLink": {
          "uri": "[variables('ProvisioningSQLUrl')]",
          "contentVersion": "1.0.0.0"
        },
        "parameters": {
          "location": {
            "value": "[parameters('location')]"
          },
          "sqlVMName": {
            "value": "[variables('sqlVMName')]"
          },
          "sqlVMSize": {
            "value": "[parameters('sqlVMSize')]"
          },
          "sqlAvailabilitySetName": {
            "value": "[variables('sqlAvailabilitySetName')]"
          },
          "adminUsername": {
            "value": "[parameters('adminUsername')]"
          },
          "adminPassword": {
            "value": "[parameters('adminPassword')]"
          },
          "storageAccountName": {
            "value": "[parameters('storageAccountName')]"
          },
          "sqlDataDisk": {
            "value": "[variables('sqlDataDisk')]"
          },
          "sqlLogDisk": {
            "value": "[variables('sqlLogDisk')]"
          },
          "sqlNicName": {
            "value": "[variables('sqlNicName')]"
          },
          "sqlModulesURL": {
            "value": "[variables('sqlModulesURL')]"
          },
          "sqlConfigurationFunction": {
            "value": "[variables('sqlConfigurationFunction')]"
          },
          "domainName": {
            "value": "[parameters('domainName')]"
          },
          "sqlServerServiceAccountUserName": {
            "value": "[parameters('sqlServerServiceAccountUserName')]"
          },
          "sharePointSetupUserAccountUserName": {
            "value": "[parameters('sharePointSetupUserAccountUserName')]"
          },
          "sqlServerServiceAccountPassword": {
            "value": "[parameters('sqlServerServiceAccountPassword')]"
          },
          "sharePointSetupUserAccountPassword": {
            "value": "[parameters('sharePointSetupUserAccountPassword')]"
          }
        }
      }
    },
    {
      "name": "ProvisioningSharepointFarm",
      "type": "Microsoft.Resources/deployments",
      "apiVersion": "2015-01-01",
      "dependsOn": [
        "Microsoft.Resources/deployments/ProvisioningSQLServer"
      ],
      "properties": {
        "mode": "Incremental",
        "templateLink": {
          "uri": "[variables('provisioningSharepointUrl')]",
          "contentVersion": "1.0.0.0"
        },
        "parameters": {
          "spVMName": {
            "value": "[variables('spVMName')]"
          },
          "location": {
            "value": "[parameters('location')]"
          },
          "spModulesURL": {
            "value": "[variables('spModulesURL')]"
          },
          "spConfigurationFunction": {
            "value": "[variables('spConfigurationFunction')]"
          },
          "domainName": {
            "value": "[parameters('domainName')]"
          },
          "adminUserName": {
            "value": "[parameters('adminUserName')]"
          },
          "sharePointSetupUserAccountUserName": {
            "value": "[parameters('sharePointSetupUserAccountUserName')]"
          },
          "sharePointFarmAccountUserName": {
            "value": "[parameters('sharePointFarmAccountUserName')]"
          },
          "configDatabaseName": {
            "value": "[variables('configDatabaseName')]"
          },
          "administrationContentDatabaseName": {
            "value": "[variables('administrationContentDatabaseName')]"
          },
          "sqlVMName": {
            "value": "[variables('sqlVMName')]"
          },
          "fqdn": {
            "value": "[reference('SettingUpSharepointIP').outputs.fqdn.value]"
          },
          "contentDatabaseName": {
            "value": "[variables('contentDatabaseName')]"
          },
          "spSiteTemplateName": {
            "value": "[parameters('spSiteTemplateName')]"
          },
          "adminPassword": {
            "value": "[parameters('adminPassword')]"
          },
          "sharePointSetupUserAccountPassword": {
            "value": "[parameters('sharePointSetupUserAccountPassword')]"
          },
          "sharePointFarmAccountPassword": {
            "value": "[parameters('sharePointFarmAccountPassword')]"
          },
          "sharePointFarmPassphrasePassword": {
            "value": "[parameters('sharePointFarmPassphrasePassword')]"
          },
          "spVMSize": {
            "value": "[parameters('spVMSize')]"
          },
          "spAvailabilitySetName": {
            "value": "[variables('spAvailabilitySetName')]"
          },
          "spNicName": {
            "value": "[variables('spNicName')]"
          },
          "spDataDisk": {
            "value": "[variables('spDataDisk')]"
          },
          "storageAccountName": {
            "value": "[parameters('storageAccountName')]"
          },
          "sharepointFarmName": {
            "value": "[parameters('sharepointFarmName')]"
          }
        }
      }
    }
  ],
  "outputs": {
    "fqdn": {
      "value": "[reference('SettingUpSharepointIP').outputs.fqdn.value]",
      "type": "string"
    }
  }
}
