{
  "$schema": "https://schema.management.azure.com/schemas/2015-01-01/deploymentTemplate.json#",
  "contentVersion": "1.0.0.0",
  "parameters": {
    "location": {
      "type": "string"
    },
    "adVMName": {
      "type": "string"
    },
    "adVMSize": {
      "type": "string"
    },
    "adAvailabilitySetName": {
      "type": "string"
    },
    "adminUsername": {
      "type": "string"
    },
    "adminPassword": {
      "type": "securestring"
    },
    "storageAccountName": {
      "type": "string"
    },
    "adDataDisk": {
      "type": "string"
    },
    "adNicName": {
      "type": "string"
    },
    "adModulesURL": {
      "type": "string"
    },
    "adConfigurationFunction": {
      "type": "string"
    },
    "domainName": {
      "type": "string"
    }
  },
  "resources": [
    {
      "apiVersion": "2015-06-15",
      "type": "Microsoft.Compute/virtualMachines",
      "name": "[parameters('adVMName')]",
      "location": "[parameters('location')]",
      "properties": {
        "hardwareProfile": {
          "vmSize": "[parameters('adVMSize')]"
        },
        "availabilitySet": {
          "id": "[resourceId('Microsoft.Compute/availabilitySets', parameters('adAvailabilitySetName'))]"
        },
        "osProfile": {
          "computername": "[parameters('adVMName')]",
          "adminUsername": "[parameters('adminUsername')]",
          "adminPassword": "[parameters('adminPassword')]"
        },
        "storageProfile": {
          "imageReference": {
            "publisher": "MicrosoftWindowsServer",
            "offer": "WindowsServer",
            "sku": "2012-R2-Datacenter",
            "version": "latest"
          },
          "osDisk": {
            "name": "osdisk",
            "vhd": {
              "uri": "[concat('http://',parameters('storageAccountName'),'.blob.core.windows.net/vhds/',parameters('adVMName'),'-osdisk.vhd')]"
            },
            "caching": "ReadWrite",
            "createOption": "FromImage"
          },
          "dataDisks": [
            {
              "vhd": {
                "uri": "[concat('http://',parameters('storageAccountName'),'.blob.core.windows.net/vhds/', parameters('adDataDisk'),'-1.vhd')]"
              },
              "name": "[concat(parameters('adVMName'),'-data-disk1')]",
              "caching": "None",
              "createOption": "empty",
              "diskSizeGB": 1000,
              "lun": 0
            }
          ]
        },
        "networkProfile": {
          "networkInterfaces": [
            {
              "id": "[resourceId('Microsoft.Network/networkInterfaces',parameters('adNicName'))]"
            }
          ]
        },
        "diagnosticsProfile": {
          "bootDiagnostics": {
            "enabled": "true",
            "storageUri": "[concat('http://',parameters('storageAccountName'),'diag.blob.core.windows.net')]"
          }
        }
      },
      "resources": [
        {
          "type": "Microsoft.Compute/virtualMachines/extensions",
          "name": "[concat(parameters('adVMName'),'/InstallDomainController')]",
          "apiVersion": "2015-06-15",
          "location": "[parameters('location')]",
          "dependsOn": [
            "[resourceId('Microsoft.Compute/virtualMachines', parameters('adVMName'))]"
          ],
          "properties": {
            "publisher": "Microsoft.Powershell",
            "type": "DSC",
            "typeHandlerVersion": "2.6",
            "settings": {
              "ModulesUrl": "[parameters('adModulesURL')]",
              "ConfigurationFunction": "[parameters('adConfigurationFunction')]",
              "Properties": {
                "DomainName": "[parameters('domainName')]",
                "AdminCreds": {
                  "UserName": "[parameters('adminUserName')]",
                  "Password": "PrivateSettingsRef:AdminPassword"
                }
              }
            },
            "protectedSettings": {
              "Items": {
                "AdminPassword": "[parameters('adminPassword')]"
              }
            }
          }
        }
      ]
    }
  ],
  "outputs": {}
}
