{
  "$schema": "https://schema.management.azure.com/schemas/2015-01-01/deploymentTemplate.json#",
  "contentVersion": "1.0.0.0",
  "parameters": {
    "location": {
      "type": "string"
    },
    "storageAccountName": {
      "type": "string",
      "metadata": {
        "Description": "The name of the new storage account created to store the VMs disks"
      }
    },
    "storageAccountType": {
      "type": "string",
      "allowedValues": [
        "Standard_LRS",
        "Standard_GRS",
        "Standard_RAGRS",
        "Premium_LRS"
      ],
      "metadata": {
        "Description": "The type of the Storage Account created"
      },
      "defaultValue": "Premium_LRS"
    },
    "storageAccountExistingRG": {
      "type": "string",
      "defaultValue": ""
    }
  },
  "resources": [
    {
      "type": "Microsoft.Storage/storageAccounts",
      "name": "[parameters('storageAccountName')]",
      "apiVersion": "2015-05-01-preview",
      "location": "[parameters('location')]",
      "properties": {
        "accountType": "[parameters('storageAccountType')]"
      }
    },
    {
      "type": "Microsoft.Storage/storageAccounts",
      "name": "[concat(parameters('storageAccountName'),'diag')]",
      "apiVersion": "2015-05-01-preview",
      "location": "[parameters('location')]",
      "properties": {
        "accountType": "Standard_LRS"
      }
    }
  ],
  "outputs": {
    "storageAccountId": {
      "value": "[resourceId('Microsoft.Storage/StorageAccounts',parameters('storageAccountName'))]",
      "type": "string"
    }
  }
}
