{
  "$schema": "https://schema.management.azure.com/schemas/2015-01-01/deploymentTemplate.json#",
  "contentVersion": "1.0.0.0",
  "parameters": {
    "sqlVMName": {
      "type": "string"
    },
    "location": {
      "type": "string"
    },
    "storageAccountNamePrefix": {
      "type": "string"
    },
    "availabilitySet" : {
      "type" : "string"
    },
    "sqlVMSize" : {
      "type" : "string"
    },
    "adminUsername" : {
      "type" : "string"
    },
    "adminPassword" : {
      "type" : "securestring"
    },
    "windowsImagePublisher" : {
      "type" : "string"
    },
    "windowsImageOffer" : {
      "type" : "string"
    },
    "windowsImageSKU" : {
      "type" : "string"
    },
    "vmContainerName" : {
      "type" : "string"
    },
    "sqlImagePublisher" : {
      "type" : "string"
    },
    "sqlImageOffer" : {
      "type" : "string"
    },
    "sqlImageSKU" : {
      "type" : "string"
    },
    "domainName" : {
      "type" : "string"
    },
    "sqlAOPrepareModulesURL" : {
      "type" : "string"
    },
    "sqlAOPrepareConfigurationFunction" : {
      "type" : "string"
    },
    "sqlAOEPName" : {
      "type" : "string"
    },
    "sqlServerServiceAccountUserName" : {
      "type" : "string"
    },
    "sharePointSetupUserAccountUserName" : {
      "type" : "string"
    },
    "sqlServerServiceAccountPassword" : {
      "type" : "securestring"
    },
    "sharePointSetupUserAccountPassword" : {
      "type" : "securestring"
    },
    "createClusterModulesURL" : {
      "type" : "string"
    },
    "createClusterConfigurationFunction" : {
      "type" : "string"
    },
    "clusterName" : {
      "type" : "string"
    },
    "sharePath" : {
      "type" : "string"
    },
    "sqlAOAGName" : {
      "type" : "string"
    },
    "sqlAOListenerName" : {
      "type" : "string"
    },
    "sqlLBName" : {
      "type" : "string"
    },
    "sqlLBIPAddress" : {
      "type" : "string"
    },
    "adPDCVMName" : {
      "type" : "string"
    },
    "witnessVMSize" : {
      "type" : "string"
    },
    "sqlwVMName" : {
      "type" : "string"
    },
    "sqlwNicName" : {
      "type" : "string"
    },
    "fswModulesURL" : {
      "type" : "string"
    },
    "fswConfigurationFunction" : {
      "type" : "string"
    }
  },
  "resources": [
    {
      "type": "Microsoft.Compute/virtualMachines/extensions",
      "name": "[concat(parameters('sqlwVMName'),'/CreateFileShareWitness')]",
      "apiVersion": "2015-06-15",
      "location": "[parameters('location')]",
      "properties": {
        "publisher": "Microsoft.Powershell",
        "type": "DSC",
        "typeHandlerVersion": "2.6",
        "autoUpgradeMinorVersion": true,
        "settings": {
          "modulesURL": "[parameters('fswModulesURL')]",
          "configurationFunction": "[parameters('fswConfigurationFunction')]",
          "properties": {
            "domainName": "[parameters('domainName')]",
            "SharePath":"[parameters('sharePath')]",
            "adminCreds":{
              "userName": "[parameters('adminUserName')]",
              "password": "privateSettingsRef:adminPassword"
            }

          }
        },
        "protectedSettings": {
          "items": {
            "adminPassword": "[parameters('adminPassword')]"
          }
        }
      }
    },
  {
    "type": "Microsoft.Compute/virtualMachines/extensions",
    "name": "[concat(parameters('sqlVMName'),'0/sqlAOPrepare')]",
    "apiVersion": "2015-06-15",
    "location": "[parameters('location')]",
    "dependsOn":[
      "[concat('Microsoft.Compute/virtualMachines/',parameters('sqlwVMName'),'/extensions/CreateFileShareWitness')]"
    ],
    "properties": {
      "publisher": "Microsoft.Powershell",
      "type": "DSC",
      "typeHandlerVersion": "2.6",
      "autoUpgradeMinorVersion": true,
      "settings": {
        "modulesURL": "[parameters('sqlAOPrepareModulesURL')]",
        "configurationFunction": "[parameters('sqlAOPrepareConfigurationFunction')]",
        "properties": {
          "domainName": "[parameters('domainName')]",
          "sqlAlwaysOnEndpointName":"[parameters('sqlAOEPName')]",
          "adminCreds":{
            "userName": "[parameters('adminUserName')]",
            "password": "privateSettingsRef:AdminPassword"
          },
          "sqlServiceCreds":{
            "userName": "[parameters('sqlServerServiceAccountUserName')]",
            "password": "privateSettingsRef:SqlServerServiceAccountPassword"
          },
          "sharePointSetupUserAccountcreds":{
            "userName": "[parameters('sharePointSetupUserAccountUserName')]",
            "password": "privateSettingsRef:SharePointSetupUserAccountPassword"
          }
        }
      },
      "protectedSettings": {
        "items": {
          "adminPassword": "[parameters('adminPassword')]",
          "sqlServerServiceAccountPassword": "[parameters('sqlServerServiceAccountPassword')]",
          "sharePointSetupUserAccountPassword": "[parameters('sharePointSetupUserAccountPassword')]"
        }
      }
    }
  },
  {
    "type": "Microsoft.Compute/virtualMachines/extensions",
    "name": "[concat(parameters('sqlVMName'),'1/CreateCluster')]",
    "apiVersion": "2015-06-15",
    "location": "[parameters('location')]",
    "dependsOn":[
      "[concat('Microsoft.Compute/virtualMachines/',parameters('sqlVMName'),'0/extensions/sqlAOPrepare')]"
    ],
    "properties": {
      "publisher": "Microsoft.Powershell",
      "type": "DSC",
      "typeHandlerVersion": "2.6",
      "autoUpgradeMinorVersion": true,
      "settings": {
        "modulesURL": "[parameters('createClusterModulesURL')]",
        "configurationFunction": "[parameters('createClusterConfigurationFunction')]",
        "properties": {
          "domainName": "[parameters('domainName')]",
          "clusterName":"[parameters('clusterName')]",
          "sharePath":"[concat('\\\\',parameters('sqlwVMName'),'\\',parameters('sharePath'))]",
          "nodes":["[concat(parameters('sqlVMName'),'0')]","[concat(parameters('sqlVMName'),'1')]"],
          "sqlAlwaysOnEndpointName":"[parameters('sqlAOEPName')]",
          "sqlAlwaysOnAvailabilityGroupName":"[parameters('sqlAOAGName')]",
          "sqlAlwaysOnAvailabilityGroupListenerName":"[parameters('sqlAOListenerName')]",
          "sqlAlwaysOnAvailabilityGroupListenerPort":1433,
          "databaseNames":null,
          "lbName":"[parameters('sqlLBName')]",
          "lbAddress":"[parameters('sqlLBIPAddress')]",
          "primaryReplica":"[concat(parameters('sqlVMName'),'1')]",
          "secondaryReplica":"[concat(parameters('sqlVMName'),'0')]",
          "dnsServerName":"[parameters('adPDCVMName')]",
          "adminCreds":{
            "userName": "[parameters('adminUserName')]",
            "password": "privateSettingsRef:adminPassword"
          },
          "sqlServiceCreds":{
            "userName": "[parameters('sqlServerServiceAccountUserName')]",
            "password": "privateSettingsRef:sqlServerServiceAccountPassword"
          },
          "sharePointSetupUserAccountcreds":{
            "userName": "[parameters('sharePointSetupUserAccountUserName')]",
            "password": "privateSettingsRef:sharePointSetupUserAccountPassword"
          }
        }
      },
      "protectedSettings": {
        "items": {
          "adminPassword": "[parameters('adminPassword')]",
          "sqlServerServiceAccountPassword": "[parameters('sqlServerServiceAccountPassword')]",
          "sharePointSetupUserAccountPassword": "[parameters('sharePointSetupUserAccountPassword')]"
        }
      }
    }
  }
  ],
  "outputs": {}
}
