{
  "$schema": "https://schema.management.azure.com/schemas/2015-01-01/deploymentTemplate.json#",
  "contentVersion": "1.0.0.0",
  "parameters": {
    "adAvailabilitySetName": {
      "type": "string"
    },
    "sqlAvailabilitySetName": {
      "type": "string"
    },
    "spWebAvailabilitySetName": {
      "type": "string"
    },
    "spAppAvailabilitySetName": {
      "type": "string"
    },
    "location": {
      "type": "string"
    }
  },
  "resources": [
    {
			"type": "Microsoft.Compute/availabilitySets",
			"name": "[parameters('adAvailabilitySetName')]",
			"apiVersion": "2015-05-01-preview",
			"location": "[parameters('location')]"
		},
		{
			"type": "Microsoft.Compute/availabilitySets",
			"name": "[parameters('sqlAvailabilitySetName')]",
			"apiVersion": "2015-05-01-preview",
			"location": "[parameters('location')]",
			"properties": {
				"platformFaultDomainCount": "3",
				"platformUpdateDomainCount": "3"
			}
		},
		{
			"type": "Microsoft.Compute/availabilitySets",
			"name": "[parameters('spWebAvailabilitySetName')]",
			"apiVersion": "2015-05-01-preview",
			"location": "[parameters('location')]"
		},
		{
			"type": "Microsoft.Compute/availabilitySets",
			"name": "[parameters('spAppAvailabilitySetName')]",
			"apiVersion": "2015-05-01-preview",
			"location": "[parameters('location')]"
		}
  ],
  "outputs": {
    "adAvailabilitySetName": {
      "type": "string",
      "value": "[resourceId('Microsoft.Compute/availabilitySets',parameters('adAvailabilitySetName'))]"
    },
    "sqlAvailabilitySetName": {
      "type": "string",
      "value": "[resourceId('Microsoft.Compute/availabilitySets',parameters('sqlAvailabilitySetName'))]"
    },
    "spWebAvailabilitySetName": {
      "type": "string",
      "value": "[resourceId('Microsoft.Compute/availabilitySets',parameters('spWebAvailabilitySetName'))]"
    },
    "spAppAvailabilitySetName": {
      "type": "string",
      "value": "[resourceId('Microsoft.Compute/availabilitySets',parameters('spAppAvailabilitySetName'))]"
    }
  }
}
