{
  "$schema": "https://schema.management.azure.com/schemas/2015-01-01/deploymentTemplate.json#",
  "contentVersion": "1.0.0.0",
  "parameters": {
    "location": {
      "type": "string"
    },
    "publicIPAddressName": {
      "type": "string"
    },
    "publicIPAddressType": {
      "type": "string"
    },
    "dnsPrefix": {
      "type": "string"
    },
    "publicIpRGName": {
      "type": "string"
    }
  },
  "resources": [
    {
      "apiVersion": "2015-05-01-preview",
      "type": "Microsoft.Network/publicIPAddresses",
      "name": "[parameters('publicIPAddressName')]",
      "location": "[parameters('location')]",
      "properties": {
        "publicIPAllocationMethod": "[parameters('publicIPAddressType')]",
        "dnsSettings": {
          "domainNameLabel": "[parameters('dNSPrefix')]"
        }
      }
    }
  ],
  "outputs": {
    "resourceId": {
      "type": "string",
      "value": "[resourceId('Microsoft.Network/publicIPAddresses',parameters('publicIPAddressName'))]"
    },
    "fqdn": {
      "value": "[reference(resourceId('Microsoft.Network/publicIPAddresses',parameters('publicIPAddressName')),providers('Microsoft.Network', 'publicIPAddresses').apiVersions[0]).dnsSettings.fqdn]",
      "type": "string"
    }
  }
}
