{
    "handler": "Microsoft.Compute.MultiVm",
    "version": "0.0.1-preview",
    "parameters": {
        "basics": [
            {
                "name": "sharePointFarmName",
                "type": "Microsoft.Common.TextBox",
                "label": "SharePoint farm name",
                "defaultValue": "spfarm",
                "constraints": {
                    "required": true,
                    "regex": "^[a-z0-9A-Z]{1,10}$",
                    "validationMessage": "Only letters and numbers are allowed, and the value must be 1-10 characters long."
                }
            }
        ],
        "steps": [
            {
                "name": "infrastructureConfig",
                "label": "Infrastructure settings",
                "subLabel": {
                    "preValidation": "Configure the infrastructure settings",
                    "postValidation": "Done"
                },
                "bladeTitle": "Infrastructure settings",
                "elements": [
                    {
                        "name": "adminUsername",
                        "type": "Microsoft.Compute.UserNameTextBox",
                        "label": "Username",
                        "toolTip": "Admin username for the virtual machines and the Active Directory domain.",
                        "osPlatform": "Windows"
                    },
                    {
                        "name": "adminPassword",
                        "type": "Microsoft.Compute.CredentialsCombo",
                        "label": {
                            "password": "Password",
                            "confirmPassword": "Confirm password"
                        },
                        "toolTip": {
                            "password": "Admin password for the virtual machines and the Active Directory domain."
                        },
                        "osPlatform": "Windows"
                    },
                    {
                        "name": "storageAccounts",
                        "type": "Microsoft.Storage.MultiStorageAccountCombo",
                        "label": {
                            "prefix": "Storage account name prefix",
                            "type": "Storage account type"
                        },
                        "defaultValue": {
                            "type": "Premium_LRS"
                        },
                        "count": 3
                    }
                ]
            },
            {
                "name": "adConfig",
                "label": "Active Directory settings",
                "subLabel": {
                    "preValidation": "Configure the domain controllers",
                    "postValidation": "Done"
                },
                "bladeTitle": "Active Directory settings",
                "elements": [
                    {
                        "name": "domainName",
                        "type": "Microsoft.Common.TextBox",
                        "label": "Forest root domain name",
                        "toolTip": "Fully-qualified domain name of the Active directory domain.",
                        "defaultValue": "contoso.com",
                        "constraints": {
                            "required": true,
                            "regex": "^([a-z0-9]+\\.)?([a-z0-9][a-z0-9-]*\\.)+[a-z]{2,6}$",
                            "validationMessage": "Must be a valid fully-qualified domain name."
                        }
                    },
                    {
                        "name": "adVmSize",
                        "type": "Microsoft.Compute.SizeSelector",
                        "label": "Active Directory virtual machine size",
                        "toolTip": "The size of the virtual machines for the primary and backup domain controllers.",
                        "recommendedSizes": [
                            "Standard_DS2",
                            "Standard_DS3",
                            "Standard_DS4"
                        ],
                        "constraints": {
                            "allowedSizes": [
                                "Standard_D2",
                                "Standard_DS2",
                                "Standard_D3",
                                "Standard_DS3",
                                "Standard_D4",
                                "Standard_DS4",
                                "Standard_D11",
                                "Standard_DS11",
                                "Standard_D12",
                                "Standard_DS12",
                                "Standard_D13",
                                "Standard_DS13",
                                "Standard_D14",
                                "Standard_DS14"
                            ]
                        },
                        "osPlatform": "Windows",
                        "imageReference": {
                            "publisher": "MicrosoftWindowsServer",
                            "offer": "WindowsServer",
                            "sku": "2012-R2-Datacenter"
                        },
                        "count": 2
                    }
                ]
            },
            {
                "name": "sqlConfig",
                "label": "SQL Server settings",
                "subLabel": {
                    "preValidation": "Configure the SQL Servers",
                    "postValidation": "Done"
                },
                "bladeTitle": "SQL Server settings",
                "elements": [
                    {
                        "name": "sqlVmSize",
                        "type": "Microsoft.Compute.SizeSelector",
                        "label": "SQL Server virtual machine size",
                        "toolTip": "The size of the virtual machines for the primary and secondary replicas.",
                        "recommendedSizes": [
                            "Standard_DS3",
                            "Standard_DS4",
                            "Standard_DS14"
                        ],
                        "constraints": {
                            "allowedSizes": [
                                "Standard_D3",
                                "Standard_DS3",
                                "Standard_D4",
                                "Standard_DS4",
                                "Standard_D11",
                                "Standard_DS11",
                                "Standard_D12",
                                "Standard_DS12",
                                "Standard_D13",
                                "Standard_DS13",
                                "Standard_D14",
                                "Standard_DS14"
                            ]
                        },
                        "osPlatform": "Windows",
                        "imageReference": {
                            "publisher": "MicrosoftSQLServer",
                            "offer": "SQL2014-WS2012R2",
                            "sku": "Enterprise"
                        },
                        "count": 2
                    },
                    {
                        "name": "witnessVMSize",
                        "type": "Microsoft.Compute.SizeSelector",
                        "label": "SQL Witness virtual machine size",
                        "toolTip": "The size of the virtual machine for the SQL witness.",
                        "recommendedSizes": [
                            "Standard_DS1"
                        ],
                        "constraints": {
                            "allowedSizes": [
                                "Standard_D1",
                                "Standard_DS1"
                            ]
                        },
                        "osPlatform": "Windows",
                        "imageReference": {
                            "publisher": "MicrosoftSQLServer",
                            "offer": "SQL2014-WS2012R2",
                            "sku": "Enterprise"
                        },
                        "count": 1
                    },
                    {
                        "name": "sqlServerServiceAccountUsername",
                        "type": "Microsoft.Compute.UserNameTextBox",
                        "label": "Service account username",
                        "toolTip": "An account with this username will be used to run the following SQL Server services: MSSQLSERVER and SQLSERVERAGENT.",
                        "defaultValue": "sqlservice",
                        "osPlatform": "Windows"
                    },
                    {
                        "name": "sqlServerServiceAccountPassword",
                        "type": "Microsoft.Compute.CredentialsCombo",
                        "label": {
                            "password": "Service account password"
                        },
                        "osPlatform": "Windows"
                    }
                ]
            },
            {
                "name": "spConfig",
                "label": "SharePoint Server settings",
                "subLabel": {
                  "preValidation": "Configure the SharePoint servers",
                    "postValidation": "Done"
                },
                "bladeTitle": "SharePoint Server settings",
                "elements": [
                    {
                      "name": "spWebPublicIP",
                      "type": "Microsoft.Network.PublicIpAddressCombo",
                      "label": {
                        "publicIpAddress": "Public IP address for SharePoint web tier",
                        "domainNameLabel": "Domain name label for SharePoint web tier"
                      },
                      "toolTip": {
                        "domainNameLabel": "DNS label for the SharePoint web tiers' public IP address, which hosts the first site collection."
                      },
                      "defaultValue": {
                        "publicIpAddressName": "ip01"
                      },
                      "options": {
                        "hideNone": true,
                        "hideDomainNameLabel": false
                      }
                    },
                    {
                      "name": "spCAPublicIP",
                      "type": "Microsoft.Network.PublicIpAddressCombo",
                      "label": {
                        "publicIpAddress": "Public IP address for SharePoint app tier",
                        "domainNameLabel": "Domain name label for SharePoint app tier"
                      },
                      "toolTip": {
                        "domainNameLabel": "DNS label for the SharePoint app tiers' public IP address, which hosts the Central Administration site."
                      },
                      "defaultValue": {
                        "publicIpAddressName": "ip02"
                      },
                      "options": {
                        "hideNone": true,
                        "hideDomainNameLabel": false
                      }
                    },
                    {
                        "name": "spVmSize",
                        "type": "Microsoft.Compute.SizeSelector",
                        "label": "SharePoint virtual machine size",
                        "toolTip": "The size of the virtual machines for the SharePoint web and app tiers.",
                        "recommendedSizes": [
                            "Standard_DS3",
                            "Standard_DS4",
                            "Standard_DS14"
                        ],
                        "constraints": {
                            "allowedSizes": [
                                "Standard_D3",
                                "Standard_DS3",
                                "Standard_D4",
                                "Standard_DS4",
                                "Standard_D11",
                                "Standard_DS11",
                                "Standard_D12",
                                "Standard_DS12",
                                "Standard_D13",
                                "Standard_DS13",
                                "Standard_D14",
                                "Standard_DS14"
                            ]
                        },
                        "osPlatform": "Windows",
                        "imageReference": {
                            "publisher": "MicrosoftSharePoint",
                            "offer": "MicrosoftSharePointServer",
                            "sku": "2013"
                        },
                        "count": 4
                    },
                    {
                        "name": "spSetupUserAccountUsername",
                        "type": "Microsoft.Compute.UserNameTextBox",
                        "label": "Setup user account username",
                        "toolTip": "A domain account with this username will be created to run setup and SharePoint Products Configuration Wizard.",
                        "defaultValue": "spsetup",
                        "osPlatform": "Windows"
                    },
                    {
                        "name": "spSetupUserAccountPassword",
                        "type": "Microsoft.Compute.CredentialsCombo",
                        "label": {
                            "password": "Setup user account password"
                        },
                        "osPlatform": "Windows"
                    },
                    {
                        "name": "spServerFarmAccountUsername",
                        "type": "Microsoft.Compute.UserNameTextBox",
                        "label": "Server farm account username",
                        "toolTip": "A domain account with this username will be created to perform the following tasks: configure and manage server farm, act as the application pool identity for the SharePoint Central Administration Web site and run the Microsoft SharePoint Foundation Workflow Timer Service.",
                        "defaultValue": "sp_farm",
                        "osPlatform": "Windows"
                    },
                    {
                        "name": "spServerFarmAccountPassword",
                        "type": "Microsoft.Compute.CredentialsCombo",
                        "label": {
                            "password": "Server farm account password"
                        },
                        "osPlatform": "Windows"
                    },
                    {
                        "name": "spServerFarmPassphrase",
                        "type": "Microsoft.Compute.CredentialsCombo",
                        "label": {
                            "password": "Server farm passphrase"
                        },
                        "toolTip": {
                            "password": "A secure password phrase that will be used to join other machines to this farm."
                        },
                        "osPlatform": "Windows"
                    },
                    {
                        "name": "spSiteTemplateName",
                        "type": "Microsoft.Common.DropDown",
                        "label": "Content site template",
                        "defaultValue": "Team Site",
                        "constraints": {
                            "allowedValues": [
                                {
                                    "label": "Team Site",
                                    "value": "STS#0"
                                },
                                {
                                    "label": "Blank Site",
                                    "value": "STS#1"
                                },
                                {
                                    "label": "Document Workspace",
                                    "value": "STS#2"
                                },
                                {
                                    "label": "Document Workspace",
                                    "value": "STS#2"
                                },
                                {
                                    "label": "Basic Meeting Workspace",
                                    "value": "MPS#0"
                                },
                                {
                                    "label": "Decision Meeting Workspace",
                                    "value": "MPS#2"
                                },
                                {
                                    "label": "Wiki Site",
                                    "value": "WIKI#0"
                                },
                                {
                                    "label": "Central Admin Site",
                                    "value": "CENTRALADMIN#0"
                                }
                            ]
                        }
                    }
                ]
            }
        ],
        "outputs": {
            "location": "[location()]",
            "sharepointFarmName" : "[basics('sharePointFarmName')]",
            "storageAccountNamePrefix": "[steps('infrastructureConfig').storageAccounts.prefix]",
            "storageAccountType": "[steps('infrastructureConfig').storageAccounts.type]",
            "adminUsername": "[steps('infrastructureConfig').adminUsername]",
            "adminPassword": "[steps('infrastructureConfig').adminPassword.password]",
            "adVMSize": "[steps('adConfig').adVmSize]",
            "sqlVMSize": "[steps('sqlConfig').sqlVmSize]",
            "witnessVMSize" : "[steps('sqlConfig').witnessVMSize]",
            "spVMSize": "[steps('spConfig').spVmSize]",
            "domainName": "[steps('adConfig').domainName]",
            "dnsPrefix": "[steps('spConfig').spWebPublicIP.domainNameLabel]",
            "spWebIPRGName" : "[steps('spConfig').spWebPublicIP.resourceGroup]",
            "spWebIPAddressName" : "[steps('spConfig').spWebPublicIP.name]",
            "spWebIPNewOrExisting" : "[steps('spConfig').spWebPublicIP.newOrExistingOrNone]",
            "spCADNSPrefix": "[steps('spConfig').spCAPublicIP.domainNameLabel]",
            "spCARGName" : "[steps('spConfig').spCAPublicIP.resourceGroup]",
            "spCAIPAddressName" : "[steps('spConfig').spCAPublicIP.name]",
            "spCAIPNewOrExisting" : "[steps('spConfig').spCAPublicIP.newOrExistingOrNone]",
            "sqlServerServiceAccountUserName": "[steps('sqlConfig').sqlServerServiceAccountUsername]",
            "sqlServerServiceAccountPassword": "[steps('sqlConfig').sqlServerServiceAccountPassword.password]",
            "sharePointSetupUserAccountUserName": "[steps('spConfig').spSetupUserAccountUsername]",
            "sharePointSetupUserAccountPassword": "[steps('spConfig').spSetupUserAccountPassword.password]",
            "sharePointFarmAccountUserName": "[steps('spConfig').spServerFarmAccountUsername]",
            "sharePointFarmAccountPassword": "[steps('spConfig').spServerFarmAccountPassword.password]",
            "sharePointFarmPassphrasePassword": "[steps('spConfig').spServerFarmPassphrase.password]",
            "spSiteTemplateName": "[steps('spConfig').spSiteTemplateName]"
        }
    }
}
