{
  "$schema": "https://schema.management.azure.com/schemas/2015-01-01/deploymentTemplate.json#",
  "contentVersion": "1.0.0.0",
  "parameters": {
    "sqlVMName": {
      "type": "string"
    },
    "location": {
      "type": "string"
    },
    "storageAccountNamePrefix": {
      "type": "string"
    },
    "availabilitySet" : {
      "type" : "string"
    },
    "sqlVMSize" : {
      "type" : "string"
    },
    "adminUsername" : {
      "type" : "string"
    },
    "adminPassword" : {
      "type" : "securestring"
    },
    "windowsImagePublisher" : {
      "type" : "string"
    },
    "windowsImageOffer" : {
      "type" : "string"
    },
    "windowsImageSKU" : {
      "type" : "string"
    },
    "vmContainerName" : {
      "type" : "string"
    },
    "sqlImagePublisher" : {
      "type" : "string"
    },
    "sqlImageOffer" : {
      "type" : "string"
    },
    "sqlImageSKU" : {
      "type" : "string"
    },
    "domainName" : {
      "type" : "string"
    },
    "sqlAOPrepareModulesURL" : {
      "type" : "string"
    },
    "sqlAOPrepareConfigurationFunction" : {
      "type" : "string"
    },
    "sqlAOEPName" : {
      "type" : "string"
    },
    "sqlServerServiceAccountUserName" : {
      "type" : "string"
    },
    "sharePointSetupUserAccountUserName" : {
      "type" : "string"
    },
    "sqlServerServiceAccountPassword" : {
      "type" : "securestring"
    },
    "sharePointSetupUserAccountPassword" : {
      "type" : "securestring"
    },
    "createClusterModulesURL" : {
      "type" : "string"
    },
    "createClusterConfigurationFunction" : {
      "type" : "string"
    },
    "clusterName" : {
      "type" : "string"
    },
    "sharePath" : {
      "type" : "string"
    },
    "sqlAOAGName" : {
      "type" : "string"
    },
    "sqlAOListenerName" : {
      "type" : "string"
    },
    "sqlLBName" : {
      "type" : "string"
    },
    "sqlLBIPAddress" : {
      "type" : "string"
    },
    "adPDCVMName" : {
      "type" : "string"
    },
    "witnessVMSize" : {
      "type" : "string"
    },
    "sqlwVMName" : {
      "type" : "string"
    },
    "sqlwNicName" : {
      "type" : "string"
    },
    "fswModulesURL" : {
      "type" : "string"
    },
    "fswConfigurationFunction" : {
      "type" : "string"
    }
  },
  "resources": [
    {
      "apiVersion": "2015-06-15",
      "type": "Microsoft.Compute/virtualMachines",
      "name": "[parameters('sqlwVMName')]",
      "location": "[parameters('location')]",
      "properties": {
        "hardwareProfile": {
          "vmSize": "[parameters('witnessVMSize')]"
        },
        "availabilitySet": {
          "id": "[parameters('availabilitySet')]"
        },
        "osProfile": {
          "computername": "[parameters('sqlwVMName')]",
          "adminUsername": "[parameters('adminUsername')]",
          "adminPassword": "[parameters('adminPassword')]"
        },
        "storageProfile": {
          "imageReference": {
            "publisher": "[parameters('windowsImagePublisher')]",
            "offer": "[parameters('windowsImageOffer')]",
            "sku": "[parameters('windowsImageSKU')]",
            "version": "latest"
          },
          "osDisk": {
            "name": "osdisk",
            "vhd": {
              "uri": "[concat('http://',parameters('storageAccountNamePrefix'),'1.blob.core.windows.net/',parameters('vmContainerName'),'/',parameters('sqlwVMName'),'-osdisk.vhd')]"
            },
            "caching": "ReadWrite",
            "createOption": "FromImage"
          },
          "dataDisks": [
            {
              "vhd": {
                "uri":"[concat('http://',parameters('storageAccountNamePrefix'),'1.blob.core.windows.net/',parameters('vmContainerName'),'/', parameters('sqlwVMName'),'-data-1.vhd')]"
                },
              "name":"[concat(parameters('sqlwVMName'),'-data-disk1')]",
              "caching" : "None",
              "createOption": "empty",
              "diskSizeGB": 128,
              "lun": 0
            }
          ]
        },
        "networkProfile": {
          "networkInterfaces": [
            {
              "id": "[resourceId(resourceGroup().name,'Microsoft.Network/networkInterfaces',parameters('sqlwNicName'))]"
            }
          ]
        },
        "diagnosticsProfile": {
          "bootDiagnostics": {
            "enabled": "true",
	 		 		  "storageUri": "[concat('http://',parameters('storageAccountNamePrefix'),'diag.blob.core.windows.net')]"
          }
        }
      }
    },
    {
      "apiVersion": "2015-06-15",
      "type": "Microsoft.Compute/virtualMachines",
      "name": "[concat(parameters('sqlVMName'), copyindex())]",
      "location": "[parameters('location')]",
      "copy": {
        "name": "sqlvirtualMachineLoop",
        "count": 2
      },
      "properties": {
        "hardwareProfile": {
          "vmSize": "[parameters('sqlVMSize')]"
        },
        "availabilitySet": {
          "id": "[parameters('availabilitySet')]"
        },
        "osProfile": {
          "computername": "[concat(parameters('sqlVMName'), copyindex())]",
          "adminUsername": "[parameters('adminUsername')]",
          "adminPassword": "[parameters('adminPassword')]"
        },
        "storageProfile": {
          "imageReference": {
            "publisher": "[parameters('sqlImagePublisher')]",
            "offer": "[parameters('sqlImageOffer')]",
            "sku": "[parameters('sqlImageSKU')]",
            "version": "latest"
          },
          "osDisk": {
            "name": "osdisk",
            "vhd": {
              "uri": "[concat('http://',parameters('storageAccountNamePrefix'),'1.blob.core.windows.net/',parameters('vmContainerName'),'/',parameters('sqlVMName'), copyindex(), '-osdisk.vhd')]"
            },
            "caching": "ReadWrite",
            "createOption": "FromImage"
          },
          "dataDisks": [
            {
              "vhd": {
                "uri":"[concat('http://',parameters('storageAccountNamePrefix'),'1.blob.core.windows.net/',parameters('vmContainerName'),'/', parameters('sqlVMName'), copyindex(), '-Data-1.vhd')]"
              },
              "name":"[concat(parameters('sqlVMName'), copyindex(),'-data-disk1')]",
              "caching" : "None",
              "createOption": "empty",
              "diskSizeGB": 1000,
              "lun": 0
            },
            {
              "vhd": {
                "uri":"[concat('http://',parameters('storageAccountNamePrefix'),'1.blob.core.windows.net/',parameters('vmContainerName'),'/', parameters('sqlVMName'), copyindex(), '-log.vhd')]"
              },
              "name":"[concat(parameters('sqlVMName'), copyindex(),'-log-disk1')]",
              "caching" : "None",
              "createOption": "empty",
              "diskSizeGB": 1000,
              "lun": 1
            }
          ]
        },
        "networkProfile": {
          "networkInterfaces": [
            {
              "id": "[resourceId(resourceGroup().name,'Microsoft.Network/networkInterfaces',concat(parameters('sqlVMName'), copyindex(),'-nic'))]"
            }
          ]
        },
        "diagnosticsProfile": {
          "bootDiagnostics": {
            "enabled": "true",
	 		 		  "storageUri": "[concat('http://',parameters('storageAccountNamePrefix'),'diag.blob.core.windows.net')]"
          }
        }
      }
    }
  ],
  "outputs": {}
}
