{
  "$schema": "https://schema.management.azure.com/schemas/2015-01-01/deploymentTemplate.json#",
  "contentVersion": "1.0.0.0",
  "parameters": {
    "location": {
      "type": "string",
      "metadata": {
        "description": "The region to deploy the resources into"
      }
    },
    "nicName": {
      "type": "string",
      "metadata": {
        "description": "The name of the NIC to Create or Update"
      }
    },
    "ipConfigurations": {
      "type": "array",
      "metadata": {
        "description": "The IP configurations of the NIC"
      }
    },
    "dnsServers": {
      "type": "array",
      "metadata": {
        "description": "The DNS Servers of the NIC"
      }
    }
  },
  "resources": [
    {
      "name": "[parameters('nicName')]",
      "type": "Microsoft.Network/networkInterfaces",
      "location": "[parameters('location')]",
      "apiVersion": "2015-06-15",
      "properties": {
        "ipConfigurations": "[parameters('ipConfigurations')]",
        "dnsSettings": {
          "dnsServers": "[parameters('dnsServers')]"
        }
      }
    }
  ]
}
