{
  "$schema": "https://schema.management.azure.com/schemas/2015-01-01/deploymentTemplate.json#",
  "contentVersion": "1.0.0.0",
  "parameters": {
    "location": {
      "type": "string",
      "metadata": {
        "description": "The region to deploy the resources into"
      }
    },
    "virtualNetworkName": {
      "type": "string",
      "metadata": {
        "description": "The name of the Virtual Network"
      }
    },
    "virtualNetworkAddressRange": {
      "type": "string",
      "metadata": {
        "description": "The address range of the VNET in CIDR format"
      },
      "defaultValue": "10.0.0.0/16"
    },
    "subnets": {
      "type": "array",
      "metadata": {
        "description": "The subnet definition for the VNET"
      }
    },
    "DNSServerAddress": {
      "type": "array",
      "metadata": {
        "description": "The DNS address(es) of the DNS Server(s) used by the VNET"
      }
    }
  },
  "resources": [
    {
      "name": "[parameters('virtualNetworkName')]",
      "type": "Microsoft.Network/virtualNetworks",
      "location": "[parameters('location')]",
      "apiVersion": "2015-06-15",
      "properties": {
        "addressSpace": {
          "addressPrefixes": [
            "[parameters('virtualNetworkAddressRange')]"
          ]
        },
        "dhcpOptions": {
          "dnsServers": "[parameters('DNSServerAddress')]"
        },
        "subnets": "[parameters('subnets')]"
      }
    }
  ]
}
