{
  "$schema": "https://schema.management.azure.com/schemas/2015-01-01/deploymentTemplate.json#",
  "contentVersion": "1.0.0.0",
  "parameters": {
    "spappVMName" : {
      "type" : "string"
    },
    "spwebVMName" : {
      "type" : "string"
    },
    "location" : {
      "type" : "string"
    },
    "spVMSize" : {
      "type" : "string"
    },
    "spWebAvailabilitySet" : {
      "type" : "string"
    },
    "spAppAvailabilitySet" : {
      "type" : "string"
    },
    "adminUsername" : {
      "type" : "string"
    },
    "adminPassword" : {
      "type" : "securestring"
    },
    "spImagePublisher" : {
      "type" : "string"
    },
    "spImageOffer" : {
      "type" : "string"
    },
    "spImageSKU" : {
      "type" : "string"
    },
    "vmContainerName" : {
      "type" : "string"
    },
    "storageAccountNamePrefix" : {
      "type" : "string"
    }
  },
  "resources": [
    {
      "apiVersion": "2015-06-15",
      "type": "Microsoft.Compute/virtualMachines",
      "name": "[concat(parameters('spappVMName'), copyindex())]",
      "location": "[parameters('location')]",
      "copy": {
        "name": "spAppVMLoop",
        "count": 2
      },
      "properties": {
        "hardwareProfile": {
          "vmSize": "[parameters('spVMSize')]"
        },
        "availabilitySet": {
          "id": "[parameters('spAppAvailabilitySet')]"
        },
        "osProfile": {
          "computername": "[concat(parameters('spappVMName'), copyindex())]",
          "adminUsername": "[parameters('adminUsername')]",
          "adminPassword": "[parameters('adminPassword')]"
        },
        "storageProfile": {
          "imageReference": {
            "publisher": "[parameters('spImagePublisher')]",
            "offer": "[parameters('spImageOffer')]",
            "sku": "[parameters('spImageSKU')]",
            "version": "latest"
          },
          "osDisk": {
            "name": "osdisk",
            "vhd": {
              "uri": "[concat('http://',parameters('storageAccountNamePrefix'),'2.blob.core.windows.net/',parameters('vmContainerName'),'/',parameters('spappVMName'), copyindex(),'-osdisk.vhd')]"
            },
            "caching": "ReadWrite",
            "createOption": "FromImage"
          },
          "dataDisks": [
            {
              "vhd": {
                "uri":"[concat('http://',parameters('storageAccountNamePrefix'),'2.blob.core.windows.net/',parameters('vmContainerName'),'/', parameters('spappVMName'), copyindex(), '-Data-1.vhd')]"
              },
              "name":"[concat(parameters('spappVMName'), copyindex(),'-data-disk1')]",
              "caching" : "None",
              "createOption": "empty",
              "diskSizeGB": 128,
              "lun": 0
            }
          ]
        },
        "networkProfile": {
          "networkInterfaces": [
            {
              "id": "[resourceId(resourceGroup().name,'Microsoft.Network/networkInterfaces',concat(parameters('spappVMName'), copyindex(),'-nic'))]"
            }
          ]
        },
        "diagnosticsProfile": {
          "bootDiagnostics": {
            "enabled": "true",
	 		 		  "storageUri": "[concat('http://',parameters('storageAccountNamePrefix'),'diag.blob.core.windows.net')]"
          }
        }
      }
    },
    {
      "apiVersion": "2015-06-15",
      "type": "Microsoft.Compute/virtualMachines",
      "name": "[concat(parameters('spwebVMName'), copyindex())]",
      "location": "[parameters('location')]",
      "copy": {
        "name": "spWebVMLoop",
        "count": 2
      },
      "properties": {
        "hardwareProfile": {
          "vmSize": "[parameters('spVMSize')]"
        },
        "availabilitySet": {
          "id": "[parameters('spWebAvailabilitySet')]"
        },
        "osProfile": {
          "computername": "[concat(parameters('spwebVMName'), copyindex())]",
          "adminUsername": "[parameters('adminUsername')]",
          "adminPassword": "[parameters('adminPassword')]"
        },
        "storageProfile": {
          "imageReference": {
            "publisher": "[parameters('spImagePublisher')]",
            "offer": "[parameters('spImageOffer')]",
            "sku": "[parameters('spImageSKU')]",
            "version": "latest"
          },
          "osDisk": {
            "name": "osdisk",
            "vhd": {
              "uri": "[concat('http://',parameters('storageAccountNamePrefix'),'2.blob.core.windows.net/',parameters('vmContainerName'),'/',parameters('spwebVMName'), copyindex(),'-osdisk.vhd')]"
            },
            "caching": "ReadWrite",
            "createOption": "FromImage"
          },
          "dataDisks": [
            {
              "vhd": {
                "uri":"[concat('http://',parameters('storageAccountNamePrefix'),'2.blob.core.windows.net/',parameters('vmContainerName'),'/', parameters('spwebVMName'), copyindex(), '-Data-1.vhd')]"
              },
              "name":"[concat(parameters('spwebVMName'), copyindex(),'-data-disk1')]",
              "caching" : "None",
              "createOption": "empty",
              "diskSizeGB": 128,
              "lun": 0
            }
          ]
        },
        "networkProfile": {
          "networkInterfaces": [
            {
              "id": "[resourceId(resourceGroup().name,'Microsoft.Network/networkInterfaces',concat(parameters('spwebVMName'), copyindex(),'-nic'))]"
            }
          ]
        },
        "diagnosticsProfile": {
          "bootDiagnostics": {
            "enabled": "true",
	 		 		  "storageUri": "[concat('http://',parameters('storageAccountNamePrefix'),'diag.blob.core.windows.net')]"
          }
        }
      }
    }
  ],
  "outputs": {}
}
